{"val_f_acc":0.9721666666666666,"_wandb":{"runtime":2243},"val_acc":0.9305833333333333,"val_ap":0.9866401422705537,"train_loss":0.19657503068447113,"_step":31,"val_r_acc":0.111,"_timestamp":1.736653666729271e+09,"_runtime":2208.371252524}