{"val_r_acc":0.0475,"train_loss":0.17441189289093018,"val_ap":0.988514348565199,"val_f_acc":0.9441666666666667,"_wandb":{"runtime":4240},"_step":41,"val_acc":0.9483333333333334,"_runtime":4131.352539627,"_timestamp":1.7366535446371956e+09}