{"_timestamp":1.7366512958172982e+09,"_runtime":1077.983089252,"_step":24,"_wandb":{"runtime":1112},"train_loss":0.23022520542144775}